{
  "baseline_full": {
    "overall_miou": 25.691301348969265,
    "overall_std": 20.723408111828046,
    "by_dataset": {
      "bdd10k": {
        "miou": 44.53839150806738,
        "std": 7.152488227280355
      },
      "bdd10k_cd": {
        "miou": 41.55806455843938,
        "std": 2.2566960278063055
      },
      "idd-aw_cd": {
        "miou": 12.336657613676742,
        "std": 20.97143348253903
      },
      "outside15k_cd": {
        "miou": 9.62101278551693,
        "std": 14.639616065834012
      }
    },
    "by_model": {
      "deeplabv3plus_r50": {
        "miou": 26.075989011402374,
        "std": 18.230649592195753
      },
      "pspnet_r50": {
        "miou": 31.324644159941283,
        "std": 20.14132731574907
      },
      "segformer_mit-b5": {
        "miou": 17.66726071776243,
        "std": 29.663290937327712
      }
    }
  },
  "baseline_clear_day": {
    "overall_miou": 18.623642539307475,
    "overall_std": 19.737663167577434,
    "by_dataset": {
      "bdd10k_cd": {
        "miou": 41.55806455843938,
        "std": 2.2566960278063055
      },
      "idd-aw_cd": {
        "miou": 12.336657613676742,
        "std": 20.97143348253903
      },
      "outside15k_cd": {
        "miou": 9.62101278551693,
        "std": 14.639616065834012
      }
    },
    "by_model": {
      "deeplabv3plus_r50": {
        "miou": 22.222278843752235,
        "std": 20.234336769280105
      },
      "pspnet_r50": {
        "miou": 27.079532518545587,
        "std": 22.369259307646505
      },
      "segformer_mit-b5": {
        "miou": 0.5418531137831615,
        "std": 0.37966412855376935
      }
    }
  },
  "reference_baseline": "baseline_clear_day",
  "leaderboard_rows_full": 2,
  "leaderboard_rows_clear": 6
}