{
  "baseline_full": {
    "overall_miou": 40.91850798599604,
    "overall_std": 4.380888574353584,
    "by_dataset": {
      "bdd10k": {
        "miou": 45.60776010161669,
        "std": 1.9530781736751377
      },
      "idd-aw": {
        "miou": 40.05746532990141,
        "std": 1.6610114302191037
      },
      "mapillaryvistas": {
        "miou": 35.47769912535105,
        "std": 1.879308603354766
      },
      "outside15k": {
        "miou": 42.53110738711499,
        "std": 3.612714365330804
      }
    },
    "by_model": {
      "deeplabv3plus_r50": {
        "miou": 39.55875990261467,
        "std": 4.059913768456726
      },
      "pspnet_r50": {
        "miou": 39.67603623727158,
        "std": 4.291880301473899
      },
      "segformer_mit-b5": {
        "miou": 43.52072781810186,
        "std": 4.681446603935464
      }
    }
  },
  "baseline_clear_day": null,
  "reference_baseline": "baseline_clear_day",
  "leaderboard_rows_full": 8,
  "leaderboard_rows_clear": 1
}