{
  "baseline_full": {
    "overall_miou": 41.6404519553248,
    "overall_std": 6.983545580480132,
    "by_dataset": {
      "bdd10k": {
        "miou": 44.088900532710475,
        "std": 4.664947016521469
      },
      "idd-aw": {
        "miou": 38.57531802832324,
        "std": 3.01303805085833
      },
      "mapillaryvistas": {
        "miou": 46.99803701329869,
        "std": 3.4695399646782215
      },
      "outside15k": {
        "miou": 36.89955224696678,
        "std": 11.202766225094999
      }
    },
    "by_model": {
      "deeplabv3plus_r50": {
        "miou": 37.149231739991635,
        "std": 7.8261263016358535
      },
      "pspnet_r50": {
        "miou": 40.02810574910437,
        "std": 4.708365364148047
      },
      "segformer_mit-b5": {
        "miou": 47.74401837687839,
        "std": 3.9209334029919742
      }
    }
  },
  "baseline_clear_day": null,
  "reference_baseline": "baseline_clear_day",
  "leaderboard_rows_full": 3,
  "leaderboard_rows_clear": 1
}